{"cameraMode":{"drawMode":0,"name":"Shaded","section":"Shading Mode"},"sceneLighting":true,"audioPlay":false,"sceneViewState":{"m_AlwaysRefresh":false,"showFog":true,"showSkybox":true,"showFlares":true,"showImageEffects":true,"showParticleSystems":true,"showVisualEffectGraphs":true,"m_FxEnabled":true},"in2DMode":false,"pivot":{"x":8.703235626220704,"y":2.6124165058135988,"z":1.2259572744369507},"rotation":{"x":0.05426555126905441,"y":-0.025464078411459924,"z":0.0013882769271731377,"w":0.9982169270515442},"size":6.099520206451416,"orthographic":false}