{"cameraMode":{"drawMode":0,"name":"Shaded","section":"Shading Mode"},"sceneLighting":true,"audioPlay":false,"sceneViewState":{"m_AlwaysRefresh":false,"showFog":true,"showSkybox":true,"showFlares":true,"showImageEffects":true,"showParticleSystems":true,"showVisualEffectGraphs":true,"m_FxEnabled":true},"in2DMode":false,"pivot":{"x":24.28115463256836,"y":23.655170440673829,"z":-29.562599182128908},"rotation":{"x":0.28717780113220217,"y":-0.014370940625667572,"z":0.004311457276344299,"w":0.9577730894088745},"size":5.148367881774902,"orthographic":false}