{"cameraMode":{"drawMode":0,"name":"Shaded","section":"Shading Mode"},"sceneLighting":true,"audioPlay":false,"sceneViewState":{"m_AlwaysRefresh":false,"showFog":true,"showSkybox":true,"showFlares":true,"showImageEffects":true,"showParticleSystems":true,"showVisualEffectGraphs":true,"m_FxEnabled":true},"in2DMode":false,"pivot":{"x":2.4903478622436525,"y":-3.110727310180664,"z":0.8708193302154541},"rotation":{"x":0.6062248349189758,"y":-0.008408394642174244,"z":0.006302528083324432,"w":0.7952823042869568},"size":5.471529006958008,"orthographic":false}